<?xml version="1.0" encoding="UTF-8" standalone="yes"?><imgdir name="zmap.img"><null name="mobEquipFront"/><null name="tamingMobFront"/><null name="mobEquipMid"/><null name="saddleFront"/><null name="mobEquipUnderSaddle"/><null name="tamingMobMid"/><null name="characterStart"/><null name="emotionOverBody"/><null name="weaponWristOverGlove"/><null name="capeOverHead"/><null name="weaponOverGlove"/><null name="gloveWristOverHair"/><null name="gloveOverHair"/><null name="handOverHair"/><null name="weaponOverHand"/><null name="shieldOverHair"/><null name="gloveWristBelowWeapon"/><null name="gloveBelowWeapon"/><null name="handBelowWeapon"/><null name="weaponOverArm"/><null name="gloveWristBelowMailArm"/><null name="mailArmOverHair"/><null name="gloveBelowMailArm"/><null name="armOverHair"/><null name="mailArmOverHairBelowWeapon"/><null name="armOverHairBelowWeapon"/><null name="weaponBelowArm"/><null name="capOverHair"/><null name="accessoryEarOverHair"/><null name="accessoryOverHair"/><null name="hairOverHead"/><null name="accessoryEyeOverCap"/><null name="capAccessory"/><null name="cap"/><null name="hair"/><null name="accessoryEye"/><null name="accessoryEyeShadow"/><null name="accessoryFace"/><null name="capAccessoryBelowAccFace"/><null name="accessoryEar"/><null name="capBelowAccessory"/><null name="accessoryFaceOverFaceBelowCap"/><null name="face"/><null name="accessoryEyeBelowFace"/><null name="accessoryFaceBelowFace"/><null name="hairShade"/><null name="head"/><null name="cape"/><null name="gloveWrist"/><null name="mailArm"/><null name="glove"/><null name="hand"/><null name="arm"/><null name="weapon"/><null name="shield"/><null name="weaponOverArmBelowHead"/><null name="gloveWristBelowHead"/><null name="mailArmBelowHeadOverMailChest"/><null name="gloveBelowHead"/><null name="armBelowHeadOverMailChest"/><null name="mailArmBelowHead"/><null name="armBelowHead"/><null name="weaponOverBody"/><null name="mailChestTop"/><null name="gloveWristOverBody"/><null name="mailChestOverHighest"/><null name="pantsOverMailChest"/><null name="mailChest"/><null name="shoesTop"/><null name="pantsOverShoesBelowMailChest"/><null name="shoesOverPants"/><null name="mailChestOverPants"/><null name="pants"/><null name="shoes"/><null name="pantsBelowShoes"/><null name="mailChestBelowPants"/><null name="gloveOverBody"/><null name="body"/><null name="gloveWristBelowBody"/><null name="gloveBelowBody"/><null name="capAccessoryBelowBody"/><null name="shieldBelowBody"/><null name="capeBelowBody"/><null name="hairBelowBody"/><null name="weaponBelowBody"/><null name="backHairOverCape"/><null name="backWing"/><null name="backWeaponOverShield"/><null name="backShield"/><null name="backCapOverHair"/><null name="backHair"/><null name="backCap"/><null name="backWeaponOverHead"/><null name="backHairBelowCapWide"/><null name="backHairBelowCapNarrow"/><null name="backHairBelowCap"/><null name="backCape"/><null name="backAccessoryOverHead"/><null name="backAccessoryFaceOverHead"/><null name="backHead"/><null name="backMailChestOverPants"/><null name="backPantsOverMailChest"/><null name="backMailChest"/><null name="backPantsOverShoesBelowMailChest"/><null name="backShoes"/><null name="backPants"/><null name="backShoesBelowPants"/><null name="backPantsBelowShoes"/><null name="backMailChestBelowPants"/><null name="backWeaponOverGlove"/><null name="backGloveWrist"/><null name="backGlove"/><null name="backBody"/><null name="backAccessoryEar"/><null name="backAccessoryFace"/><null name="backCapAccessory"/><null name="backMailChestAccessory"/><null name="backShieldBelowBody"/><null name="backHairBelowHead"/><null name="backWeapon"/><null name="characterEnd"/><null name="saddleRear"/><null name="tamingMobRear"/><null name="mobEquipRear"/><null name="backMobEquipFront"/><null name="backTamingMobFront"/><null name="backMobEquipMid"/><null name="backSaddle"/><null name="backMobEquipUnderSaddle"/><null name="backTamingMobMid"/><null name="Sd"/><null name="Tm"/><null name="Sr"/><null name="Wg"/><null name="Ma"/><null name="Ws"/><null name="Pn"/><null name="So"/><null name="Si"/><null name="Wp"/><null name="Gv"/><null name="Ri"/><null name="Cp"/><null name="Ay"/><null name="As"/><null name="Ae"/><null name="Am"/><null name="Af"/><null name="At"/><null name="Fc"/><null name="Hr"/><null name="Hd"/><null name="Bd"/></imgdir>