<?xml version="1.0" encoding="UTF-8" standalone="yes"?><imgdir name="01012047.img"><imgdir name="info"><canvas name="icon" width="28" height="25"><vector name="origin" x="-2" y="25"/></canvas><canvas name="iconRaw" width="28" height="22"><vector name="origin" x="-2" y="25"/></canvas><string name="islot" value="Af"/><string name="vslot" value="Af"/><int name="reqJob" value="0"/><int name="reqLevel" value="0"/><int name="reqSTR" value="0"/><int name="reqDEX" value="0"/><int name="reqINT" value="0"/><int name="reqLUK" value="0"/><int name="cash" value="1"/></imgdir><imgdir name="default"><canvas name="default" width="54" height="24"><vector name="origin" x="15" y="25"/><imgdir name="map"><vector name="brow" x="6" y="-30"/></imgdir><string name="z" value="accessoryFace"/></canvas></imgdir><imgdir name="blink"><imgdir name="0"><uol name="default" value="../../default/default"/></imgdir><imgdir name="1"><uol name="default" value="../../default/default"/></imgdir><imgdir name="2"><uol name="default" value="../../default/default"/></imgdir></imgdir><imgdir name="hit"><imgdir name="0"><uol name="default" value="../../default/default"/></imgdir></imgdir><imgdir name="smile"><imgdir name="0"><canvas name="default" width="59" height="22"><vector name="origin" x="15" y="25"/><imgdir name="map"><vector name="brow" x="8" y="-30"/></imgdir><string name="z" value="accessoryFace"/></canvas></imgdir></imgdir><imgdir name="troubled"><imgdir name="0"><canvas name="default" width="51" height="24"><vector name="origin" x="15" y="25"/><imgdir name="map"><vector name="brow" x="3" y="-31"/></imgdir><string name="z" value="accessoryFace"/></canvas></imgdir></imgdir><imgdir name="cry"><imgdir name="0"><canvas name="default" width="30" height="27"><vector name="origin" x="15" y="25"/><imgdir name="map"><vector name="brow" x="-1" y="-43"/></imgdir><string name="z" value="accessoryFace"/></canvas></imgdir></imgdir><imgdir name="angry"><imgdir name="0"><uol name="default" value="../../smile/0/default"/></imgdir></imgdir><imgdir name="bewildered"><imgdir name="0"><canvas name="default" width="54" height="24"><vector name="origin" x="15" y="25"/><imgdir name="map"><vector name="brow" x="6" y="-30"/></imgdir><string name="z" value="accessoryFace"/></canvas></imgdir></imgdir><imgdir name="stunned"><imgdir name="0"><canvas name="default" width="55" height="24"><vector name="origin" x="15" y="25"/><imgdir name="map"><vector name="brow" x="7" y="-31"/></imgdir><string name="z" value="accessoryFace"/></canvas></imgdir></imgdir><imgdir name="oops"><imgdir name="0"><canvas name="default" width="54" height="24"><vector name="origin" x="15" y="25"/><imgdir name="map"><vector name="brow" x="8" y="-29"/></imgdir><string name="z" value="accessoryFace"/></canvas></imgdir></imgdir><imgdir name="cheers"><imgdir name="0"><canvas name="default" width="59" height="22"><vector name="origin" x="15" y="25"/><imgdir name="map"><vector name="brow" x="9" y="-26"/></imgdir><string name="z" value="accessoryFaceBelowFace"/></canvas></imgdir></imgdir><imgdir name="chu"><imgdir name="0"><canvas name="default" width="55" height="24"><vector name="origin" x="15" y="25"/><imgdir name="map"><vector name="brow" x="8" y="-26"/></imgdir><string name="z" value="accessoryFace"/></canvas></imgdir></imgdir><imgdir name="wink"><imgdir name="0"><canvas name="default" width="53" height="24"><vector name="origin" x="15" y="25"/><imgdir name="map"><vector name="brow" x="7" y="-28"/></imgdir><string name="z" value="accessoryFace"/></canvas></imgdir></imgdir><imgdir name="pain"><imgdir name="0"><canvas name="default" width="53" height="24"><vector name="origin" x="15" y="25"/><imgdir name="map"><vector name="brow" x="7" y="-27"/></imgdir><string name="z" value="accessoryFace"/></canvas></imgdir></imgdir><imgdir name="glitter"><imgdir name="0"><uol name="default" value="../../default/default"/></imgdir><imgdir name="1"><uol name="default" value="../../default/default"/></imgdir></imgdir><imgdir name="shine"><imgdir name="0"><canvas name="default" width="54" height="24"><vector name="origin" x="15" y="25"/><imgdir name="map"><vector name="brow" x="6" y="-27"/></imgdir><string name="z" value="accessoryFaceBelowFace"/></canvas></imgdir></imgdir><imgdir name="blaze"><imgdir name="0"><canvas name="default" width="59" height="22"><vector name="origin" x="15" y="25"/><imgdir name="map"><vector name="brow" x="9" y="-26"/></imgdir><string name="z" value="accessoryFaceBelowFace"/></canvas></imgdir><imgdir name="1"><uol name="default" value="../0/default"/></imgdir></imgdir><imgdir name="love"><imgdir name="0"><canvas name="default" width="59" height="22"><vector name="origin" x="15" y="25"/><imgdir name="map"><vector name="brow" x="9" y="-26"/></imgdir><string name="z" value="accessoryFaceBelowFace"/></canvas></imgdir><imgdir name="1"><uol name="default" value="../0/default"/></imgdir></imgdir><imgdir name="despair"><imgdir name="0"><canvas name="default" width="51" height="24"><vector name="origin" x="15" y="25"/><imgdir name="map"><vector name="brow" x="2" y="-26"/></imgdir><string name="z" value="accessoryFaceBelowFace"/></canvas></imgdir><imgdir name="1"><uol name="default" value="../0/default"/></imgdir></imgdir><imgdir name="hum"><imgdir name="0"><canvas name="default" width="51" height="24"><vector name="origin" x="16" y="27"/><imgdir name="map"><vector name="brow" x="2" y="-27"/></imgdir><string name="z" value="accessoryFaceBelowFace"/></canvas></imgdir><imgdir name="1"><uol name="default" value="../0/default"/></imgdir></imgdir><imgdir name="bowing"><imgdir name="0"><canvas name="default" width="51" height="24"><vector name="origin" x="15" y="25"/><imgdir name="map"><vector name="brow" x="4" y="-27"/></imgdir><string name="z" value="accessoryFaceBelowFace"/></canvas></imgdir><imgdir name="1"><uol name="default" value="../0/default"/></imgdir></imgdir><imgdir name="hot"><imgdir name="0"><canvas name="default" width="59" height="22"><vector name="origin" x="15" y="25"/><imgdir name="map"><vector name="brow" x="9" y="-24"/></imgdir><string name="z" value="accessoryFaceBelowFace"/></canvas></imgdir><imgdir name="1"><uol name="default" value="../0/default"/></imgdir></imgdir><imgdir name="vomit"><imgdir name="0"><canvas name="default" width="57" height="23"><vector name="origin" x="15" y="25"/><imgdir name="map"><vector name="brow" x="9" y="-29"/></imgdir><string name="z" value="accessoryFace"/></canvas></imgdir><imgdir name="1"><uol name="default" value="../0/default"/></imgdir></imgdir><imgdir name="dam"><imgdir name="0"><canvas name="default" width="59" height="22"><vector name="origin" x="15" y="25"/><imgdir name="map"><vector name="brow" x="9" y="-24"/></imgdir><string name="z" value="accessoryFaceBelowFace"/></canvas></imgdir><imgdir name="1"><uol name="default" value="../0/default"/></imgdir></imgdir></imgdir>