<?xml version="1.0" encoding="UTF-8" standalone="yes"?><imgdir name="01012032.img"><imgdir name="info"><canvas name="icon" width="32" height="28"><vector name="origin" x="0" y="29"/></canvas><canvas name="iconRaw" width="32" height="25"><vector name="origin" x="0" y="29"/></canvas><string name="islot" value="Af"/><string name="vslot" value="Af"/><int name="reqJob" value="0"/><int name="reqLevel" value="0"/><int name="reqSTR" value="0"/><int name="reqDEX" value="0"/><int name="reqINT" value="0"/><int name="reqLUK" value="0"/><int name="cash" value="1"/></imgdir><imgdir name="default"><canvas name="default" width="15" height="10"><vector name="origin" x="15" y="25"/><imgdir name="map"><vector name="brow" x="-5" y="-44"/></imgdir><string name="z" value="accessoryFace"/></canvas></imgdir><imgdir name="blink"><imgdir name="0"><uol name="default" value="../../default/default"/></imgdir><imgdir name="1"><uol name="default" value="../../default/default"/></imgdir><imgdir name="2"><uol name="default" value="../../default/default"/></imgdir></imgdir><imgdir name="hit"><imgdir name="0"><canvas name="default" width="15" height="10"><vector name="origin" x="15" y="25"/><imgdir name="map"><vector name="brow" x="-4" y="-43"/></imgdir><string name="z" value="accessoryFace"/></canvas></imgdir></imgdir><imgdir name="smile"><imgdir name="0"><canvas name="default" width="1" height="1"><vector name="origin" x="15" y="25"/><imgdir name="map"><vector name="brow" x="-13" y="-44"/></imgdir><string name="z" value="accessoryFace"/></canvas></imgdir></imgdir><imgdir name="troubled"><imgdir name="0"><canvas name="default" width="15" height="10"><vector name="origin" x="15" y="25"/><imgdir name="map"><vector name="brow" x="-3" y="-45"/></imgdir><string name="z" value="accessoryFace"/></canvas></imgdir></imgdir><imgdir name="cry"><imgdir name="0"><canvas name="default" width="15" height="10"><vector name="origin" x="15" y="25"/><imgdir name="map"><vector name="brow" x="-5" y="-39"/></imgdir><string name="z" value="accessoryFace"/></canvas></imgdir></imgdir><imgdir name="angry"><imgdir name="0"><canvas name="default" width="1" height="1"><vector name="origin" x="15" y="25"/><imgdir name="map"><vector name="brow" x="-13" y="-44"/></imgdir><string name="z" value="accessoryFace"/></canvas></imgdir></imgdir><imgdir name="bewildered"><imgdir name="0"><canvas name="default" width="15" height="10"><vector name="origin" x="15" y="25"/><imgdir name="map"><vector name="brow" x="-5" y="-45"/></imgdir><string name="z" value="accessoryFace"/></canvas></imgdir></imgdir><imgdir name="stunned"><imgdir name="0"><canvas name="default" width="15" height="10"><vector name="origin" x="15" y="25"/><imgdir name="map"><vector name="brow" x="-7" y="-45"/></imgdir><string name="z" value="accessoryFace"/></canvas></imgdir></imgdir><imgdir name="vomit"><imgdir name="0"><canvas name="default" width="1" height="1"><vector name="origin" x="15" y="25"/><imgdir name="map"><vector name="brow" x="-13" y="-45"/></imgdir><string name="z" value="accessoryFace"/></canvas></imgdir><imgdir name="1"><uol name="default" value="../0/default"/></imgdir></imgdir><imgdir name="oops"><imgdir name="0"><canvas name="default" width="1" height="1"><vector name="origin" x="15" y="25"/><imgdir name="map"><vector name="brow" x="-13" y="-44"/></imgdir><string name="z" value="accessoryFace"/></canvas></imgdir></imgdir><imgdir name="cheers"><imgdir name="0"><canvas name="default" width="1" height="1"><vector name="origin" x="15" y="25"/><imgdir name="map"><vector name="brow" x="-13" y="-44"/></imgdir><string name="z" value="accessoryFace"/></canvas></imgdir></imgdir><imgdir name="chu"><imgdir name="0"><canvas name="default" width="1" height="1"><vector name="origin" x="15" y="25"/><imgdir name="map"><vector name="brow" x="-12" y="-44"/></imgdir><string name="z" value="accessoryFace"/></canvas></imgdir></imgdir><imgdir name="wink"><imgdir name="0"><canvas name="default" width="1" height="1"><vector name="origin" x="15" y="25"/><imgdir name="map"><vector name="brow" x="-12" y="-44"/></imgdir><string name="z" value="accessoryFace"/></canvas></imgdir></imgdir><imgdir name="pain"><imgdir name="0"><canvas name="default" width="1" height="1"><vector name="origin" x="15" y="25"/><imgdir name="map"><vector name="brow" x="-11" y="-43"/></imgdir><string name="z" value="accessoryFace"/></canvas></imgdir></imgdir><imgdir name="glitter"><imgdir name="0"><canvas name="default" width="1" height="1"><vector name="origin" x="15" y="25"/><imgdir name="map"><vector name="brow" x="-11" y="-43"/></imgdir><string name="z" value="accessoryFace"/></canvas></imgdir><imgdir name="1"><uol name="default" value="../0/default"/></imgdir></imgdir><imgdir name="shine"><imgdir name="0"><canvas name="default" width="1" height="1"><vector name="origin" x="15" y="25"/><imgdir name="map"><vector name="brow" x="-12" y="-42"/></imgdir><string name="z" value="accessoryFace"/></canvas></imgdir></imgdir><imgdir name="blaze"><imgdir name="0"><canvas name="default" width="1" height="1"><vector name="origin" x="15" y="25"/><imgdir name="map"><vector name="brow" x="-12" y="-42"/></imgdir><string name="z" value="accessoryFaceOverCap"/></canvas></imgdir><imgdir name="1"><uol name="default" value="../0/default"/></imgdir></imgdir><imgdir name="love"><imgdir name="0"><canvas name="default" width="1" height="1"><vector name="origin" x="15" y="25"/><imgdir name="map"><vector name="brow" x="-14" y="-42"/></imgdir><string name="z" value="accessoryFace"/></canvas></imgdir><imgdir name="1"><uol name="default" value="../0/default"/></imgdir></imgdir><imgdir name="despair"><imgdir name="0"><canvas name="default" width="1" height="1"><vector name="origin" x="15" y="25"/><imgdir name="map"><vector name="brow" x="-14" y="-45"/></imgdir><string name="z" value="accessoryFace"/></canvas></imgdir><imgdir name="1"><uol name="default" value="../0/default"/></imgdir></imgdir><imgdir name="hum"><imgdir name="0"><canvas name="default" width="1" height="1"><vector name="origin" x="15" y="25"/><imgdir name="map"><vector name="brow" x="-14" y="-45"/></imgdir><string name="z" value="accessoryFace"/></canvas></imgdir><imgdir name="1"><uol name="default" value="../0/default"/></imgdir></imgdir><imgdir name="bowing"><imgdir name="0"><canvas name="default" width="1" height="1"><vector name="origin" x="15" y="25"/><imgdir name="map"><vector name="brow" x="-14" y="-45"/></imgdir><string name="z" value="accessoryFace"/></canvas></imgdir><imgdir name="1"><uol name="default" value="../0/default"/></imgdir></imgdir><imgdir name="hot"><imgdir name="0"><canvas name="default" width="1" height="1"><vector name="origin" x="15" y="25"/><imgdir name="map"><vector name="brow" x="-14" y="-45"/></imgdir><string name="z" value="accessoryFace"/></canvas></imgdir><imgdir name="1"><uol name="default" value="../0/default"/></imgdir></imgdir><imgdir name="dam"><imgdir name="0"><canvas name="default" width="1" height="1"><vector name="origin" x="15" y="25"/><imgdir name="map"><vector name="brow" x="-14" y="-45"/></imgdir><string name="z" value="accessoryFace"/></canvas></imgdir><imgdir name="1"><uol name="default" value="../0/default"/></imgdir></imgdir></imgdir>